partition0,BadRequestException
partition0,OrderController
partition0,OrderStatus
partition1,Delivery
partition1,DeliveryAddress
partition2,Utility
partition2,QuoteController
partition2,QuoteItemInfo
partition2,mongodb.MongoQuoteRepository
partition2,QuoteRepository
partition2,Quote
partition2,mongodb.QuoteDetails
partition3,ShipmentController
partition3,mongodb.MongoShipmentRepository
partition3,ShipmentRepository
partition3,mongodb.ShipmentDetails
partition3,ShipmentRecord
partition4,mongodb.MongoOperationsWithRetry
partition4,mongodb.OrderDetails
partition4,mongodb.MongoOrderRepository
partition4,OrderRepository
partition4,RepositoryFactory
partition5,mongodb.MongoDealersRepository
partition5,DealersRepository
partition5,mongodb.Dealer
partition5,DealerInfo
partition5,DealerController
partition6,OrderUpdateInfo
partition6,OrderEventInfo
partition6,ShipmentEventInfo
partition6,PhoneInfo
